exp,total_count,u_count,barcoded,u_barcoded,not_barcoded,u_nb,matched,u_matched,not_matched,u_nm,perc_barcoded,perc_matched
DCk1_L00_R1,459514,352494,411948,56862,47566,46590,291835,3137,120113,53662,0.8964862876865558,0.6350949046166167
DCk1_L00_R2,389398,348538,302574,57726,86824,85795,196362,3112,106212,54546,0.7770301850548795,0.5042706947647394
DCk2_L00_R1,343159,266084,309159,40500,34000,33406,222677,3099,86482,37354,0.9009205645196542,0.6489032780722639
DCk2_L00_R2,276518,255022,217574,43966,58944,58371,142089,3089,75485,40822,0.7868348534272633,0.5138508162217288
DCk3_L00_R1,349029,271335,312718,40313,36311,35658,226152,3116,86566,37144,0.8959656647441903,0.6479461592016709
DCk3_L00_R2,276488,255306,216613,43275,59875,59335,142392,3093,74221,40125,0.7834444894534301,0.515002459419577
pD1_L00_R1,482611,307791,435944,43866,46667,44118,317435,2632,118509,41196,0.9033030743186542,0.6577450576136888
pD1_L00_R2,343686,275386,270823,42577,72863,70281,175332,2583,95491,39943,0.7879954376960365,0.510151708245317
pD2_L00_R1,434365,278300,396583,34525,37782,35962,300937,2657,95646,31834,0.9130178536484294,0.6928205541422536
pD2_L00_R2,299049,242030,238333,34482,60716,58797,164799,2550,73534,31885,0.7969697273690933,0.5510769138167992
pD3_L00_R1,735602,432816,657829,59986,77773,69267,481613,2616,176216,57331,0.8942729900136215,0.6547195358359548
pD3_L00_R2,593063,414930,465446,57650,127617,118827,314314,2560,151132,55044,0.7848171273540923,0.5299841669434782
pG1_L00_R1,483362,280317,438831,37434,44531,40901,327665,2763,111166,34629,0.9078723606737807,0.6778873804726064
pG1_L00_R2,359408,270347,286891,41337,72517,69018,187387,2692,99504,38596,0.7982320927747852,0.5213768196589947
pG2_L00_R1,426884,260989,388720,35530,38164,35606,292232,2736,96488,32759,0.910598663805624,0.684570047132242
pG2_L00_R2,289560,226066,231468,34239,58092,55655,155814,2639,75654,31554,0.799378367177787,0.5381060920016577
pG3_L00_R1,440793,270002,397593,36955,43200,40146,296392,2630,101201,34286,0.9019948138922351,0.6724063222419594
pG3_L00_R2,314917,243698,248995,37191,65922,62907,166096,2524,82899,34620,0.7906686523750702,0.5274278619445759
RD1_L00_R1,290133,189918,261030,26774,29103,26575,193086,2648,67944,24090,0.8996908314462677,0.6655085771008469
RD1_L00_R2,236800,186718,189813,29239,46987,44758,128415,2568,61398,26627,0.8015751689189189,0.5422930743243243
RD2_L00_R1,219199,147265,197188,21393,22011,20497,148078,2568,49110,18787,0.8995843959142149,0.6755414030173496
RD2_L00_R2,173744,141190,140650,23465,33094,31736,95594,2458,45056,20971,0.8095243576756608,0.5502002946864352
RD3_L00_R1,341624,214157,304860,30383,36764,33447,223317,2535,81543,27813,0.8923846099805635,0.6536923635341779
RD3_L00_R2,304218,230710,242712,36659,61506,58598,156876,2467,85836,34151,0.7978226140465061,0.5156696842395914
RG1_L00_R1,399313,256619,355712,37260,43601,39940,260543,2748,95169,34472,0.8908099661168056,0.6524781311903194
RG1_L00_R2,356002,275798,278911,44938,77091,73816,180276,2720,98635,42165,0.7834534637445857,0.5063904135370026
RG2_L00_R1,339391,230157,302290,35152,37101,34610,220283,2705,82007,32404,0.8906836068133804,0.6490537462690525
RG2_L00_R2,288034,231473,228241,38611,59793,57553,149619,2643,78622,35918,0.7924099238284369,0.5194490928154315
RG3_L00_R1,669624,418842,600234,59827,69390,62885,435161,2677,165073,57099,0.8963746819110426,0.6498587266884102
RG3_L00_R2,793349,629179,564250,107626,229099,223460,325767,2669,238483,104895,0.7112254505898413,0.4106225633359341
Sov1_L00_R1,388389,295576,346066,47322,42323,41315,247757,3105,98309,44171,0.891029354590372,0.6379094155601729
Sov1_L00_R2,353345,314968,275324,54751,78021,77083,175256,3075,100068,51615,0.779193139849156,0.49599117010287397
Sov2_L00_R1,1745853,1155098,1526900,177806,218953,209846,1068965,3179,457935,174522,0.8745868065638974,0.6122880906926299
Sov2_L00_R2,1469300,1211790,1120869,182125,348431,340810,705685,3179,415184,178824,0.7628591846457496,0.48028653100115704
Sov3_L00_R1,399941,309494,356300,50924,43641,42773,251209,3067,105091,47807,0.8908814050072386,0.6281151469841801
Sov3_L00_R2,338538,308638,262126,55378,76412,75709,166415,3040,95711,52277,0.7742882630605722,0.49156963176955026
YD1_L00_R1,510901,354171,465184,51351,45717,44495,339916,3107,125268,48187,0.9105169103211777,0.6653265505450175
YD1_L00_R2,359229,307666,286465,50430,72764,71234,189630,3068,96835,47297,0.7974439702807958,0.527880544165421
YD2_L00_R1,367116,260912,334742,36217,32374,31697,248749,3105,85993,33066,0.9118153390209089,0.677576025016616
YD2_L00_R2,242589,216542,194866,36986,47723,46982,130413,3059,64453,33874,0.8032763233287576,0.5375882665743295
YD3_L00_R1,7723444,3604890,375249,39753,7348195,3355893,277981,3069,97268,36635,0.04858570865536152,0.03599184508879717
YD3_L00_R2,7577018,3622766,214337,38794,7362681,3441443,143191,3012,71146,35723,0.028287777592715235,0.0188980678150692
YG1_L00_R1,368819,260971,333414,35003,35405,33349,245908,2931,87506,32030,0.9040044032438675,0.6667443922357579
YG1_L00_R2,319441,264817,252543,38926,66898,65063,171009,2877,81534,36000,0.7905779157966573,0.5353382940824754
YG2_L00_R1,362747,248768,326979,34163,35768,33413,244655,2971,82324,31148,0.9013968413246698,0.6744507880147872
YG2_L00_R2,295477,237907,235829,34942,59648,57426,163265,2919,72564,31978,0.7981298036733824,0.5525472371792052
YG3_L00_R1,221838,149864,200767,20456,21071,19494,151040,2820,49727,17606,0.9050162731362525,0.680857202102435
YG3_L00_R2,180277,145903,145668,22712,34609,33133,99937,2702,45731,19974,0.8080232087287896,0.5543524687009436
