exp,total_reads,barcoded,barcoded_dm,matched,matched_dm,blasted,blasted_dm,final_mean,final_max,final_unique,final_unique_ref,final_unique_10,final_unique_ref_10,barcoded_mean_qual,dm_mean_qual,nmdm_mean_qual,p_barcoded,p_barcoded_dm,matched_in_barcoded,matched_in_barcoded_dm,blasted_in_barcoded,blasted_in_barcoded_dm,ORFs_in_Puddu,ORFs_in_YKOC,final_ORF_collision_count,reads_from_Puddu,reads_from_YKOC,barcoded_total,assigned,yield,not_matched,not_matched_dm,p_assigned_of_barcoded,dm_share_of_barcoded,dm_share_of_assigned,p_ref_of_deep,p_deep_of_ref
pD1_L00_R1,2137682,1655071,435944,1326843,317435,222221,80477,997.6621028158098,263365,123152,4631,2873,2535,16.484747699997882,16.703166475583444,15.417962999499629,0.7742362989443706,0.20393304523310762,0.8016834323119673,0.7281554511588645,0.1342667474688397,0.18460398583304277,2093,1027,21473,1307841,438742,2091015,1946976,0.9107884147408267,106007,38032,0.9311152717699299,0.20848439633383786,0.20437437338724257,0.8823529411764706,0.5473979702008206
pD1_L00_R2,2137682,1793996,270823,1422244,175332,256010,63518,997.6621028158098,263365,134481,4804,2940,2539,16.19367651321108,15.329944328501321,14.66432449985707,0.8392249174573206,0.12669003153883507,0.7927799170120781,0.6474043932753126,0.14270377414442395,0.23453694848664997,2141,1041,21473,1265294,429229,2064819,1917104,0.8968143998967105,115742,31973,0.9284610418637178,0.13116064894792231,0.12458896335305752,0.8636054421768707,0.5285179017485429
pD2_L00_R1,1987186,1552821,396583,1294036,300937,185193,67701,946.4104882459313,169929,86076,4091,2915,2513,16.726783815730514,16.780901070235807,15.519075113845,0.7814170389686723,0.1995701459249411,0.833345247134087,0.758824760516714,0.11926229745733732,0.17071079698322925,2100,993,24518,1288403,399242,1949404,1847867,0.9298913136465333,73592,27945,0.947913823917464,0.20343807645824058,0.19949379473739182,0.86209262435677525,0.6142752383280372
pD2_L00_R2,1987186,1688137,238333,1387207,164799,215921,49365,946.4104882459313,169929,99981,4220,2942,2519,16.37549556240446,15.375034660857967,14.667614593039803,0.8495113190209673,0.11993492305199413,0.8217384015633802,0.6914653027486751,0.1279049034527411,0.2071261638128165,2127,1008,24518,1251990,386630,1926470,1817292,0.9145052350409071,85009,24169,0.9433274330770788,0.1237148774701916,0.1178478747499026,0.8562202583276682,0.5969194312796209
pD3_L00_R1,4301603,3566001,657829,2852768,481613,475642,118064,2019.965383621803,360104,219892,6677,2922,2525,16.289861980471112,16.9207447466817,15.143208207887012,0.8289935170679396,0.15292647880336702,0.7999908020216483,0.732124913921399,0.13338246399818732,0.17947521316329929,2133,1070,46710,2682246,789262,4223830,3928087,0.9131681840467379,237591,58152,0.9299822672787493,0.15574230023462118,0.15266387938963674,0.8641341546885695,0.3781638460386401
pD3_L00_R2,4301603,3708540,465446,2987887,314314,494952,95714,2019.965383621803,360104,210835,6478,2952,2526,16.2569687789574,15.541901121947804,14.641012750441991,0.8621297688326887,0.10820291877237392,0.8056774364035443,0.6752963823945205,0.13346276432234788,0.20563932228443257,2142,1070,46710,2654096,774740,4173986,3892867,0.904980538650359,225701,55418,0.932649750142909,0.11151115504460245,0.10532802687582185,0.8556910569105691,0.38993516517443655
pG1_L00_R1,2182805,1699443,438831,1394577,327665,215119,77933,1029.6308447429606,495923,98823,4677,3003,2644,16.72019814242606,16.766825400343148,15.481521724245765,0.7785592391441287,0.20103994630761796,0.8206082816546363,0.7466769667594131,0.12658206247576412,0.17759228495707916,2171,1058,32745,1347080,468709,2138274,2015294,0.9232588343896958,89747,33233,0.9424863230811392,0.2052267389492647,0.2012599650472834,0.8804528804528805,0.5653196493478726
pG1_L00_R2,2182805,1823397,286891,1460510,187387,256571,68046,1029.6308447429606,495923,124589,5069,3018,2650,16.277692184119513,15.298251724181618,14.598945921462956,0.8353458050535894,0.13143226261622087,0.8009830004107718,0.6531644422446156,0.14071044320024656,0.2371841570491929,2180,1056,32745,1280987,453147,2110288,1972514,0.9036601986893011,106316,31458,0.9347131765901148,0.13594874254130243,0.12949616580668122,0.8780649436713055,0.5227855592819096
pG2_L00_R1,1939572,1512688,388720,1248052,292232,184083,67509,919.871609403255,320450,95360,4256,3034,2616,16.597185487491355,16.742359744940536,15.485964928071796,0.7799081446834663,0.20041534936573635,0.8250557947177475,0.7517802016875901,0.1216926425012957,0.1736699938258901,2203,1054,33273,1207204,422135,1901408,1791876,0.9238512414078982,80553,28979,0.9423942678267894,0.20443797438529762,0.20076221792132937,0.8622280817402769,0.6146616541353384
pG2_L00_R2,1939572,1650012,231468,1348928,155814,214780,51532,919.871609403255,320450,103941,4488,3033,2617,16.350101393602472,15.457446296346268,14.769350657919581,0.8507093317494787,0.11933973062098237,0.817526175567208,0.6731556845870703,0.1301687502878767,0.22263120604143985,2193,1046,33273,1174068,414824,1881480,1771054,0.9131158832979647,86304,24122,0.9413089695346217,0.12302442757828944,0.11707491697034647,0.8628420705572041,0.5831105169340464
pG3_L00_R1,2060159,1619366,397593,1330439,296392,196924,68819,969.3911134073883,177307,102404,4516,2955,2462,16.49065310610969,16.611693099941935,15.297734001516414,0.7860393299740457,0.19299141474031858,0.8215801739693188,0.7454658406963905,0.12160561602503696,0.17308906343924566,2140,989,32889,1316291,413918,2016959,1892574,0.9186543368739986,92003,32382,0.9383304271430406,0.19712497874275084,0.19297052585526378,0.8331641285956006,0.5451727192205491
pG3_L00_R2,2060159,1745242,248995,1414269,166096,227173,54577,969.3911134073883,177307,117395,4759,2963,2460,16.159600710638088,15.25007152727278,14.500458689038636,0.8471394683614226,0.1208620305520108,0.8103569590922062,0.6670656037269824,0.130167048466631,0.21918914034418363,2154,1007,32889,1274479,407222,1994237,1862115,0.9038695556993417,103800,28322,0.9337480951361348,0.12485727624148986,0.11850664432647823,0.8302396220047249,0.5169153183441899
RD1_L00_R1,1742099,1451966,261030,1181133,193086,197589,48369,830.3603719969,228466,81522,3951,2954,2561,16.71620690346648,16.919228934475154,15.610005788747571,0.8334578000446587,0.14983649034871152,0.8134715275702048,0.7397080795310884,0.13608376504683994,0.18530054016779682,2115,1005,16801,1087640,362328,1712996,1620177,0.9300143103233514,73244,19575,0.9458148180147531,0.15238214216495544,0.1490300133874262,0.8669600541638456,0.64819033156163
RD1_L00_R2,1742099,1505299,189813,1210867,128415,214626,41967,830.3603719969,228466,94141,4074,2956,2566,16.369727542664087,15.560364165473976,14.785557501382788,0.8640720188691917,0.10895649443573528,0.8044029790759178,0.6765342732057341,0.14258031128699347,0.22109655292314015,2144,1028,16801,1055917,352739,1695112,1595875,0.9160644716517259,79806,19431,0.9414569656754244,0.1119766717479435,0.10676400093992323,0.868064952638701,0.6298478154148257
RD2_L00_R1,1354441,1135242,197188,933466,148078,147033,35105,648.1446654611211,113568,64919,3466,2897,2450,16.684335659216952,16.771623471445952,15.599505505485038,0.8381627549668091,0.14558626030960375,0.8222616851737339,0.7509483335699941,0.12951687833959633,0.17802807473071383,2103,989,13254,862792,281281,1332430,1263682,0.9329915441130326,54743,14005,0.9484040437396336,0.14799126408141516,0.1449597287925285,0.845702450811184,0.706866705135603
RD2_L00_R2,1354441,1180697,140650,960858,95594,159538,31093,648.1446654611211,113568,75569,3528,2890,2439,16.35880145440922,15.574390559281035,14.789671598697115,0.871722725463863,0.10384357827325073,0.8138057435565602,0.6796587273373622,0.1351218813971747,0.22106647707074298,2101,990,13254,840512,273822,1321347,1247083,0.9207363037592631,60301,13963,0.9437967468045866,0.10644440862241333,0.1015866626359272,0.8439446366782007,0.6913265306122449
RD3_L00_R1,1953224,1611600,304860,1301557,223317,217421,56938,918.7551020408164,183748,97907,4238,2890,2398,16.567203926530496,16.74985126748619,15.49990093875948,0.8250973774641311,0.15608040859624908,0.8076178952593696,0.7325231253690219,0.13491002730206006,0.18676769664764153,2100,989,18278,1236949,365838,1916460,1799233,0.9211606042112938,92622,24605,0.938831491395594,0.1590745436899283,0.15576359482068192,0.829757785467128,0.5658329400660689
RD3_L00_R2,1953224,1649006,242712,1310933,156876,233888,57510,918.7551020408164,183748,118397,4549,2887,2386,16.186054017276543,15.300283441821477,14.625951697322922,0.844248278743247,0.1242622453953054,0.7949837659778073,0.6463462869573816,0.14183574832353552,0.23694749332542273,2109,991,18278,1184874,354779,1891718,1759207,0.9006683309236422,104185,28326,0.9299520330197207,0.12830242139684667,0.12186513582540315,0.8264634568756495,0.5245108815124203
RG1_L00_R1,2262503,1863190,355712,1501816,260543,244419,64648,1057.7943683802634,428664,124455,4824,3054,2708,16.498327213546702,16.816697987802133,15.448039083937841,0.8235083003204857,0.15722056501140552,0.8060455455428593,0.73245490734077,0.13118307848367586,0.18174253328535445,2206,1068,31362,1380196,482634,2218902,2071426,0.9155461893310197,116955,30521,0.9335364968799884,0.16030991905005268,0.15698895350352848,0.8867059593975115,0.5613598673300166
RG1_L00_R2,2262503,1906501,278911,1519697,180276,263279,62233,1057.7943683802634,428664,145945,5089,3039,2708,16.146740664029178,15.296729237145856,14.597200386471927,0.8426512583629724,0.12327541665138124,0.7971131407746442,0.6463567231123907,0.13809539045612879,0.2231285248699406,2218,1069,31362,1327175,476310,2185412,2025485,0.8952408018906495,123525,36402,0.9268206635636668,0.1276239903505609,0.11972885506434261,0.8910825929582099,0.5321281194733739
RG2_L00_R1,1905604,1566213,302290,1259633,220283,207084,55245,892.6776026866443,285203,113870,4526,3020,2621,16.489215968524654,16.69519679915124,15.415157832637245,0.821898463689203,0.15863211874030492,0.8042539552410816,0.728714148665189,0.13221956400566207,0.1827549703926693,2181,1043,29429,1157159,408681,1868503,1742245,0.9142744242770271,99496,26762,0.9324282594140871,0.16178191846628023,0.158145381390103,0.8678807947019868,0.5790985417587273
RG2_L00_R2,1905604,1617570,228241,1290821,149619,223216,51792,892.6776026866443,285203,128685,4650,3017,2615,16.14929826076135,15.319651628416205,14.605192405500633,0.8488489738686527,0.11977357310333102,0.7980000865495774,0.6555307766790366,0.1379946462904233,0.22691803838924646,2192,1056,29429,1123260,401800,1845811,1715448,0.9002122161792272,103533,26830,0.9293735924208925,0.12365350515301946,0.11741014592106552,0.8667550546900895,0.5623655913978495
RG3_L00_R1,3790962,3121338,600234,2451487,435161,416644,107015,1687.6644277964351,313373,239418,6779,2958,2610,16.041964468843602,16.865627255589725,15.158840812799928,0.8233630408323798,0.15833289808760942,0.7853961986814629,0.7249855889536414,0.1334825001329558,0.17828880070105993,2159,1050,60016,2278085,776305,3721572,3410307,0.8995888114942856,253207,58058,0.9163619567215144,0.16128506985757632,0.1589815814236079,0.8823529411764706,0.38501253872252544
RG3_L00_R2,3790962,2997613,564250,2224981,325767,436293,137900,1687.6644277964351,313373,379571,7900,3033,2601,15.279142732363649,13.848660243083762,13.36879342390974,0.7907262061714151,0.14884084831238087,0.7422509176468076,0.5773451484271156,0.14554680674256484,0.24439521488701815,2248,1115,60016,1992922,710862,3561863,3124941,0.8243134592222238,336339,100583,0.8773332944023956,0.15841429049910116,0.14837624134343658,0.857566765578635,0.32924050632911395
YD1_L00_R1,2317626,1806725,465184,1457978,339916,249943,89029,1093.9961250322915,35109,135710,4355,3348,3064,16.743115566634813,16.884986700289897,15.547936015954226,0.7795584792369433,0.2007157323916801,0.8069728375928822,0.7307130081860082,0.13834036723906515,0.19138448441906858,2415,1224,17048,1364171,582878,2271909,2136866,0.9220063979261538,98804,36239,0.9405596791068657,0.20475467987494217,0.20073556320330802,0.9151732377538829,0.7035591274397245
YD1_L00_R2,2317626,1958397,286465,1564102,189630,282477,63495,1093.9961250322915,35109,152038,4468,3369,3065,16.491628821183465,15.682316412457904,14.984177888573265,0.8450013073722853,0.12360277283737756,0.798664417888712,0.6619656851622362,0.14423888516986086,0.22165011432461207,2436,1255,17048,1327381,570997,2244862,2099704,0.9059718867496309,111818,33340,0.9353376733180035,0.12760918043069017,0.12055270647672243,0.9097655090531315,0.6859892569382274
YD2_L00_R1,1705503,1338387,334742,1094930,248749,179785,62388,812.3025058124516,27528,91685,3841,3307,3068,16.849444936658916,16.84941977809479,15.656610501180642,0.7847462009741407,0.19627171573430244,0.8180967089489064,0.7431066313758058,0.13432960720628637,0.18637637344581798,2387,1218,12683,1024814,436062,1673129,1585852,0.9298441574127985,63672,23605,0.9478360604591756,0.20006945071181004,0.19619548356340946,0.9277290595706078,0.7987503254360844
YD2_L00_R2,1705503,1462914,194866,1176426,130413,209873,43902,812.3025058124516,27528,111133,3900,3333,3066,16.470025082345646,15.598405056742685,14.849122845117408,0.8577610241670639,0.11425720154112892,0.804166205258819,0.6692445064813769,0.1434622951178265,0.2252932784580173,2408,1221,12683,993710,424393,1657780,1560614,0.9150461769929458,76615,20551,0.9413878801771043,0.11754635717646492,0.11169642204927036,0.9198919891989199,0.7861538461538462
YD3_L00_R1,9216426,1492982,375249,1218736,277981,201736,70019,907.282872642728,37838,99758,4042,3298,3020,17.363251397409538,19.876698382852325,15.709603591858697,0.16199142704558145,0.04071524037625865,0.816309908625824,0.7407907815876924,0.13512286149464628,0.18659343529229924,2382,1192,17432,1135658,488183,1868231,1768472,0.19188262348116286,72510,27249,0.946602427644119,0.200857923886286,0.19678004514631842,0.9157064887810794,0.7471548738248391
YD3_L00_R2,9216426,1639408,214337,1318142,143191,235100,49132,907.282872642728,37838,117424,4165,3327,3023,16.947410563126336,19.162763110940205,14.960172333608703,0.17787893050950554,0.023255977968032294,0.8040353591052379,0.668064776496825,0.14340542439709944,0.22922780481204832,2410,1217,17432,1105304,477533,1853745,1745565,0.18939716979228174,86166,22014,0.9416424589142519,0.11562377781194286,0.11017807987671613,0.9086263901412684,0.7258103241296519
YG1_L00_R1,2019291,1650472,333414,1342914,245908,219318,61417,955.7636269697753,252915,99115,4557,3207,2852,16.73369862897779,16.91080013287845,15.662686368221205,0.8173522290744623,0.16511438915936336,0.813654518222666,0.7375455139856155,0.13288198769806456,0.1842064220458649,2306,1126,30168,1222765,468529,1983886,1869557,0.9258482308889605,88240,26089,0.942371184634601,0.16806106802507806,0.16438386205930067,0.8893046460866854,0.6258503401360545
YG1_L00_R2,2019291,1699850,252543,1372189,171009,234312,54737,955.7636269697753,252915,113547,4658,3230,2854,16.334735063282896,15.336968035089667,14.712681083059309,0.8418053663389774,0.12506518376994696,0.807241227167103,0.6771480500350435,0.13784275083095568,0.21674328728176984,2319,1122,30168,1184065,451672,1952393,1832247,0.9073714486916448,93349,26797,0.9384621846113974,0.12935049449572908,0.12320718767720727,0.8835913312693499,0.6127093173035638
YG2_L00_R1,2158513,1795766,326979,1476364,244655,225063,57200,1028.8938258847843,266202,102672,4586,3248,2933,16.75067097781255,16.9786366404555,15.561393189518911,0.831945881261776,0.15148345180223607,0.8221360689533046,0.7482284795048,0.12532980354901474,0.17493478174439336,2324,1139,31881,1338951,479952,2122745,2003282,0.9280842876554368,94339,25124,0.9437223971791242,0.15403592989266257,0.15068023373643852,0.9030172413793104,0.6395551679023114
YG2_L00_R2,2158513,1863036,235829,1529877,163265,238954,49327,1028.8938258847843,266202,108512,4554,3266,2928,16.552854103429436,15.620611040834222,14.891566866942421,0.863110854555891,0.10925530677832378,0.8211741480035812,0.6923024734023381,0.12826053817532243,0.2091642673292937,2328,1139,31881,1313606,484121,2098865,1981423,0.9179574086419678,94205,23237,0.9440449957477017,0.11236025185040487,0.10729258719617164,0.8965094917330068,0.6429512516469038
YG3_L00_R1,1344651,1122813,200767,925867,151040,143724,35654,644.3854301214157,83239,57094,3875,3133,2700,16.833930698116074,16.916982101338643,15.758321120186558,0.8350218755647376,0.1493078873254101,0.8245959033249526,0.7523148724641002,0.12800350548132236,0.17758894639059208,2213,1037,28544,818926,330381,1323580,1256285,0.9342833196123009,53222,14073,0.9491568322277459,0.15168482449115278,0.14860799898112292,0.8617938078518992,0.6967741935483871
YG3_L00_R2,1344651,1164374,145668,951187,99937,157119,31720,644.3854301214157,83239,66750,3964,3146,2703,16.485240965831775,15.564535303788833,14.855706204678505,0.8659302674076768,0.10833145552265978,0.8169084847308511,0.6860600818299146,0.1349386022016981,0.21775544388609716,2221,1047,28544,796233,319189,1310042,1239963,0.922144853943514,56068,14011,0.9465062952180159,0.11119338158623922,0.10617816821953559,0.8591862682771774,0.6818869828456104
